id,reference_id,amount,date,status
MOBILE_TRANSACTIONS00000001,REF00223438,5925.75,2025-02-07,CANCELLED
MOBILE_TRANSACTIONS00000002,REF00836846,7426.83,2025-07-30,ACTIVE
MOBILE_TRANSACTIONS00000003,REF00508056,3753.05,2025-10-17,CANCELLED
MOBILE_TRANSACTIONS00000004,REF00256236,5214.72,2025-08-29,COMPLETED
MOBILE_TRANSACTIONS00000005,REF00341333,5543.29,2025-11-24,PENDING
MOBILE_TRANSACTIONS00000006,REF00955678,8908.59,2025-03-11,COMPLETED
MOBILE_TRANSACTIONS00000007,REF00564465,2876.0,2025-09-26,COMPLETED
MOBILE_TRANSACTIONS00000008,REF00072228,9100.34,2025-06-17,ACTIVE
MOBILE_TRANSACTIONS00000009,REF00950350,5608.82,2025-12-10,CANCELLED
MOBILE_TRANSACTIONS00000010,REF00973172,3237.0,2025-08-22,COMPLETED
MOBILE_TRANSACTIONS00000011,REF00687017,7815.21,2025-12-24,CANCELLED
MOBILE_TRANSACTIONS00000012,REF00333012,3870.07,2025-07-27,CANCELLED
MOBILE_TRANSACTIONS00000013,REF00565510,2808.52,2025-02-04,COMPLETED
MOBILE_TRANSACTIONS00000014,REF00344990,5671.29,2025-10-24,ACTIVE
MOBILE_TRANSACTIONS00000015,REF00567811,8260.47,2025-12-02,ACTIVE
MOBILE_TRANSACTIONS00000016,REF00477358,5501.51,2025-10-13,CANCELLED
MOBILE_TRANSACTIONS00000017,REF00342574,9106.45,2025-09-23,CANCELLED
MOBILE_TRANSACTIONS00000018,REF00736307,1596.31,2025-12-11,CANCELLED
MOBILE_TRANSACTIONS00000019,REF00364693,8868.21,2025-12-15,CANCELLED
MOBILE_TRANSACTIONS00000020,REF00657551,7209.49,2025-09-06,COMPLETED
MOBILE_TRANSACTIONS00000021,REF00747968,5400.95,2026-01-10,CANCELLED
MOBILE_TRANSACTIONS00000022,REF00094210,9991.72,2025-08-25,COMPLETED
MOBILE_TRANSACTIONS00000023,REF00264359,2425.13,2025-07-18,CANCELLED
MOBILE_TRANSACTIONS00000024,REF00628407,2126.23,2025-12-17,COMPLETED
MOBILE_TRANSACTIONS00000025,REF00932270,8725.45,2025-11-02,ACTIVE
MOBILE_TRANSACTIONS00000026,REF00341793,7607.18,2025-06-17,CANCELLED
MOBILE_TRANSACTIONS00000027,REF00152220,3552.4,2025-10-29,COMPLETED
MOBILE_TRANSACTIONS00000028,REF00365517,4861.9,2025-02-11,PENDING
MOBILE_TRANSACTIONS00000029,REF00136763,7267.65,2025-03-11,COMPLETED
MOBILE_TRANSACTIONS00000030,REF00416418,41.83,2025-09-02,COMPLETED
MOBILE_TRANSACTIONS00000031,REF00474362,9515.56,2025-09-08,ACTIVE
MOBILE_TRANSACTIONS00000032,REF00906552,2736.04,2025-06-01,CANCELLED
MOBILE_TRANSACTIONS00000033,REF00492978,3077.32,2025-02-08,COMPLETED
MOBILE_TRANSACTIONS00000034,REF00467545,4407.78,2026-01-05,ACTIVE
MOBILE_TRANSACTIONS00000035,REF00808562,9788.52,2025-08-21,PENDING
MOBILE_TRANSACTIONS00000036,REF00057413,1625.21,2025-08-09,CANCELLED
MOBILE_TRANSACTIONS00000037,REF00944338,7717.87,2026-01-03,COMPLETED
MOBILE_TRANSACTIONS00000038,REF00307888,1880.91,2025-07-24,CANCELLED
MOBILE_TRANSACTIONS00000039,REF00354609,3464.54,2025-07-29,CANCELLED
MOBILE_TRANSACTIONS00000040,REF00394947,977.29,2025-06-17,CANCELLED
MOBILE_TRANSACTIONS00000041,REF00489317,6655.33,2025-08-26,CANCELLED
MOBILE_TRANSACTIONS00000042,REF00549458,9787.54,2025-12-14,PENDING
MOBILE_TRANSACTIONS00000043,REF00607838,1588.39,2025-04-13,COMPLETED
MOBILE_TRANSACTIONS00000044,REF00423230,5425.17,2025-09-19,ACTIVE
MOBILE_TRANSACTIONS00000045,REF00201462,1664.49,2025-06-12,COMPLETED
MOBILE_TRANSACTIONS00000046,REF00310251,5293.72,2025-08-26,COMPLETED
MOBILE_TRANSACTIONS00000047,REF00120993,7504.42,2025-07-29,PENDING
MOBILE_TRANSACTIONS00000048,REF00206969,3745.49,2025-03-19,PENDING
MOBILE_TRANSACTIONS00000049,REF00620603,8297.89,2025-05-26,COMPLETED
MOBILE_TRANSACTIONS00000050,REF00297036,2853.22,2025-02-03,ACTIVE
MOBILE_TRANSACTIONS00000051,REF00592548,1058.18,2025-07-14,CANCELLED
MOBILE_TRANSACTIONS00000052,REF00374709,4715.19,2025-06-16,COMPLETED
MOBILE_TRANSACTIONS00000053,REF00036723,9866.25,2025-11-05,PENDING
MOBILE_TRANSACTIONS00000054,REF00962350,7121.06,2026-01-14,CANCELLED
MOBILE_TRANSACTIONS00000055,REF00597023,1804.99,2025-07-18,ACTIVE
MOBILE_TRANSACTIONS00000056,REF00264351,3388.68,2025-09-12,ACTIVE
MOBILE_TRANSACTIONS00000057,REF00525815,2884.74,2025-08-06,COMPLETED
MOBILE_TRANSACTIONS00000058,REF00249655,8537.84,2025-04-08,PENDING
MOBILE_TRANSACTIONS00000059,REF00798022,742.85,2025-06-10,COMPLETED
MOBILE_TRANSACTIONS00000060,REF00478346,4618.19,2025-11-14,CANCELLED
MOBILE_TRANSACTIONS00000061,REF00516528,1791.99,2025-12-04,PENDING
MOBILE_TRANSACTIONS00000062,REF00329112,5874.34,2025-08-27,PENDING
MOBILE_TRANSACTIONS00000063,REF00351920,6500.64,2025-04-30,CANCELLED
MOBILE_TRANSACTIONS00000064,REF00973817,7690.49,2025-05-09,PENDING
MOBILE_TRANSACTIONS00000065,REF00592511,5030.79,2025-04-19,CANCELLED
MOBILE_TRANSACTIONS00000066,REF00551718,2066.38,2025-12-11,PENDING
MOBILE_TRANSACTIONS00000067,REF00872597,3017.35,2025-02-20,ACTIVE
MOBILE_TRANSACTIONS00000068,REF00545752,5243.87,2025-07-11,PENDING
MOBILE_TRANSACTIONS00000069,REF00422834,635.41,2025-09-25,PENDING
MOBILE_TRANSACTIONS00000070,REF00580297,7072.07,2025-02-14,ACTIVE
MOBILE_TRANSACTIONS00000071,REF00656808,6285.17,2025-05-04,CANCELLED
MOBILE_TRANSACTIONS00000072,REF00597345,8438.89,2025-07-23,CANCELLED
MOBILE_TRANSACTIONS00000073,REF00881881,5827.28,2025-09-12,CANCELLED
MOBILE_TRANSACTIONS00000074,REF00261147,1163.29,2025-12-21,CANCELLED
MOBILE_TRANSACTIONS00000075,REF00222450,7487.15,2025-12-18,CANCELLED
MOBILE_TRANSACTIONS00000076,REF00934245,9662.24,2025-02-07,ACTIVE
MOBILE_TRANSACTIONS00000077,REF00612494,4889.09,2025-07-04,COMPLETED
MOBILE_TRANSACTIONS00000078,REF00454438,511.38,2025-09-26,ACTIVE
MOBILE_TRANSACTIONS00000079,REF00735440,2609.45,2025-10-25,ACTIVE
MOBILE_TRANSACTIONS00000080,REF00312558,3672.88,2025-04-30,ACTIVE
MOBILE_TRANSACTIONS00000081,REF00761290,7635.74,2025-05-01,COMPLETED
MOBILE_TRANSACTIONS00000082,REF00970366,447.07,2026-01-05,ACTIVE
MOBILE_TRANSACTIONS00000083,REF00957776,1533.48,2025-05-13,ACTIVE
MOBILE_TRANSACTIONS00000084,REF00010940,7379.34,2025-10-12,PENDING
MOBILE_TRANSACTIONS00000085,REF00278602,6772.04,2025-06-29,PENDING
MOBILE_TRANSACTIONS00000086,REF00656295,3135.3,2025-06-10,COMPLETED
MOBILE_TRANSACTIONS00000087,REF00909408,4932.74,2025-10-25,CANCELLED
MOBILE_TRANSACTIONS00000088,REF00968081,5776.26,2025-07-27,CANCELLED
MOBILE_TRANSACTIONS00000089,REF00547538,1594.7,2025-02-01,PENDING
MOBILE_TRANSACTIONS00000090,REF00829288,4804.87,2025-08-23,COMPLETED
MOBILE_TRANSACTIONS00000091,REF00328106,4503.3,2025-12-27,CANCELLED
MOBILE_TRANSACTIONS00000092,REF00547451,3060.41,2025-03-18,COMPLETED
MOBILE_TRANSACTIONS00000093,REF00822883,7500.33,2025-11-08,CANCELLED
MOBILE_TRANSACTIONS00000094,REF00484450,7941.15,2025-12-09,ACTIVE
MOBILE_TRANSACTIONS00000095,REF00010710,1150.28,2025-03-10,PENDING
MOBILE_TRANSACTIONS00000096,REF00780801,6946.19,2025-08-06,PENDING
MOBILE_TRANSACTIONS00000097,REF00529210,4748.67,2025-05-17,PENDING
MOBILE_TRANSACTIONS00000098,REF00369824,4324.9,2025-10-10,ACTIVE
MOBILE_TRANSACTIONS00000099,REF00324097,8949.22,2025-02-24,PENDING
MOBILE_TRANSACTIONS00000100,REF00293496,9438.11,2025-06-06,CANCELLED
MOBILE_TRANSACTIONS00000101,REF00005362,835.33,2025-07-09,CANCELLED
MOBILE_TRANSACTIONS00000102,REF00803988,8944.0,2025-06-16,ACTIVE
MOBILE_TRANSACTIONS00000103,REF00657521,4016.75,2025-07-27,PENDING
MOBILE_TRANSACTIONS00000104,REF00203252,6970.86,2025-05-11,COMPLETED
MOBILE_TRANSACTIONS00000105,REF00396117,4713.95,2025-12-25,COMPLETED
MOBILE_TRANSACTIONS00000106,REF00195327,2129.15,2025-11-22,ACTIVE
MOBILE_TRANSACTIONS00000107,REF00702751,1451.66,2025-09-17,CANCELLED
MOBILE_TRANSACTIONS00000108,REF00687002,3255.72,2025-02-12,PENDING
MOBILE_TRANSACTIONS00000109,REF00917610,3182.66,2025-10-08,PENDING
MOBILE_TRANSACTIONS00000110,REF00784313,2551.65,2025-06-04,ACTIVE
MOBILE_TRANSACTIONS00000111,REF00254728,2191.47,2025-12-20,CANCELLED
MOBILE_TRANSACTIONS00000112,REF00643693,3726.09,2025-02-08,ACTIVE
MOBILE_TRANSACTIONS00000113,REF00258755,8018.95,2025-12-25,PENDING
MOBILE_TRANSACTIONS00000114,REF00912689,8557.06,2025-02-28,ACTIVE
MOBILE_TRANSACTIONS00000115,REF00283229,1088.72,2025-08-31,ACTIVE
MOBILE_TRANSACTIONS00000116,REF00993975,3198.26,2025-05-29,ACTIVE
MOBILE_TRANSACTIONS00000117,REF00460954,5085.88,2025-11-02,COMPLETED
MOBILE_TRANSACTIONS00000118,REF00146677,7770.39,2025-11-21,ACTIVE
MOBILE_TRANSACTIONS00000119,REF00300111,655.85,2025-06-03,ACTIVE
MOBILE_TRANSACTIONS00000120,REF00746660,7089.34,2025-05-12,PENDING
MOBILE_TRANSACTIONS00000121,REF00881494,378.78,2025-05-10,CANCELLED
MOBILE_TRANSACTIONS00000122,REF00154735,9859.61,2025-07-31,CANCELLED
MOBILE_TRANSACTIONS00000123,REF00423697,4714.54,2025-11-02,CANCELLED
MOBILE_TRANSACTIONS00000124,REF00560044,4934.47,2025-12-24,CANCELLED
MOBILE_TRANSACTIONS00000125,REF00963413,2516.29,2025-07-22,ACTIVE
MOBILE_TRANSACTIONS00000126,REF00187143,803.51,2025-06-13,COMPLETED
MOBILE_TRANSACTIONS00000127,REF00125017,2356.32,2025-07-17,CANCELLED
MOBILE_TRANSACTIONS00000128,REF00165098,8427.36,2025-06-24,ACTIVE
MOBILE_TRANSACTIONS00000129,REF00853864,6361.71,2025-01-26,CANCELLED
MOBILE_TRANSACTIONS00000130,REF00631521,704.82,2025-07-19,CANCELLED
MOBILE_TRANSACTIONS00000131,REF00669195,4837.72,2025-07-08,ACTIVE
MOBILE_TRANSACTIONS00000132,REF00956589,564.19,2025-11-15,ACTIVE
MOBILE_TRANSACTIONS00000133,REF00869910,7592.55,2025-06-07,PENDING
MOBILE_TRANSACTIONS00000134,REF00427846,2482.76,2025-02-18,PENDING
MOBILE_TRANSACTIONS00000135,REF00979854,5863.16,2025-04-04,ACTIVE
MOBILE_TRANSACTIONS00000136,REF00338094,7311.76,2025-04-01,CANCELLED
MOBILE_TRANSACTIONS00000137,REF00084342,5454.72,2025-10-31,PENDING
MOBILE_TRANSACTIONS00000138,REF00437015,6756.43,2025-04-20,PENDING
MOBILE_TRANSACTIONS00000139,REF00485747,6067.4,2025-08-17,COMPLETED
MOBILE_TRANSACTIONS00000140,REF00829075,5503.04,2025-06-05,PENDING
MOBILE_TRANSACTIONS00000141,REF00424032,6586.31,2025-12-03,ACTIVE
MOBILE_TRANSACTIONS00000142,REF00004258,7735.96,2025-06-25,COMPLETED
MOBILE_TRANSACTIONS00000143,REF00835619,9910.35,2025-06-30,PENDING
MOBILE_TRANSACTIONS00000144,REF00164238,5503.49,2025-05-01,PENDING
MOBILE_TRANSACTIONS00000145,REF00968251,308.72,2025-06-13,CANCELLED
MOBILE_TRANSACTIONS00000146,REF00923201,1629.74,2025-08-05,PENDING
MOBILE_TRANSACTIONS00000147,REF00852159,992.77,2025-12-01,ACTIVE
MOBILE_TRANSACTIONS00000148,REF00491737,2270.66,2025-05-24,CANCELLED
MOBILE_TRANSACTIONS00000149,REF00730263,7631.21,2025-11-24,COMPLETED
MOBILE_TRANSACTIONS00000150,REF00523474,1277.67,2025-02-03,PENDING
MOBILE_TRANSACTIONS00000151,REF00164456,7838.01,2026-01-07,COMPLETED
MOBILE_TRANSACTIONS00000152,REF00015506,9170.97,2025-03-05,COMPLETED
MOBILE_TRANSACTIONS00000153,REF00153159,1825.21,2025-11-21,COMPLETED
MOBILE_TRANSACTIONS00000154,REF00891709,3391.23,2025-03-13,ACTIVE
MOBILE_TRANSACTIONS00000155,REF00329455,9866.31,2025-02-18,ACTIVE
MOBILE_TRANSACTIONS00000156,REF00978503,3330.44,2025-10-29,CANCELLED
MOBILE_TRANSACTIONS00000157,REF00626714,1816.28,2025-01-29,PENDING
MOBILE_TRANSACTIONS00000158,REF00452521,6713.26,2025-06-30,PENDING
MOBILE_TRANSACTIONS00000159,REF00953037,9292.32,2025-04-21,ACTIVE
MOBILE_TRANSACTIONS00000160,REF00196994,4836.37,2025-12-12,PENDING
MOBILE_TRANSACTIONS00000161,REF00426818,7697.16,2025-10-03,CANCELLED
MOBILE_TRANSACTIONS00000162,REF00741927,1233.93,2025-12-24,COMPLETED
MOBILE_TRANSACTIONS00000163,REF00847532,9935.19,2025-06-28,CANCELLED
MOBILE_TRANSACTIONS00000164,REF00894954,528.72,2025-11-27,ACTIVE
MOBILE_TRANSACTIONS00000165,REF00031289,9189.81,2026-01-14,COMPLETED
MOBILE_TRANSACTIONS00000166,REF00158833,7493.03,2025-12-18,COMPLETED
MOBILE_TRANSACTIONS00000167,REF00796866,5202.35,2025-06-19,PENDING
MOBILE_TRANSACTIONS00000168,REF00430151,2120.84,2025-02-25,PENDING
MOBILE_TRANSACTIONS00000169,REF00398195,7612.21,2025-03-19,CANCELLED
MOBILE_TRANSACTIONS00000170,REF00978278,6981.37,2025-08-31,PENDING
MOBILE_TRANSACTIONS00000171,REF00255434,6975.23,2025-04-05,CANCELLED
MOBILE_TRANSACTIONS00000172,REF00856789,9027.38,2025-05-29,CANCELLED
MOBILE_TRANSACTIONS00000173,REF00663397,3101.42,2025-09-07,ACTIVE
MOBILE_TRANSACTIONS00000174,REF00678079,8601.17,2025-07-28,CANCELLED
MOBILE_TRANSACTIONS00000175,REF00543478,5761.85,2025-10-05,ACTIVE
MOBILE_TRANSACTIONS00000176,REF00833814,8210.26,2025-05-14,PENDING
MOBILE_TRANSACTIONS00000177,REF00353460,2579.98,2025-06-12,CANCELLED
MOBILE_TRANSACTIONS00000178,REF00591151,5954.26,2025-09-07,COMPLETED
MOBILE_TRANSACTIONS00000179,REF00482605,533.32,2025-10-02,CANCELLED
MOBILE_TRANSACTIONS00000180,REF00717021,2207.84,2025-10-30,PENDING
MOBILE_TRANSACTIONS00000181,REF00062450,509.86,2025-12-04,PENDING
MOBILE_TRANSACTIONS00000182,REF00272774,7422.67,2025-07-12,ACTIVE
MOBILE_TRANSACTIONS00000183,REF00769943,3859.89,2025-02-02,ACTIVE
MOBILE_TRANSACTIONS00000184,REF00653464,9068.02,2025-06-06,PENDING
MOBILE_TRANSACTIONS00000185,REF00759194,7729.17,2025-03-02,COMPLETED
MOBILE_TRANSACTIONS00000186,REF00324960,4489.86,2025-01-22,CANCELLED
MOBILE_TRANSACTIONS00000187,REF00911270,1946.74,2025-02-05,COMPLETED
MOBILE_TRANSACTIONS00000188,REF00898896,6389.16,2025-06-18,PENDING
MOBILE_TRANSACTIONS00000189,REF00120074,288.8,2025-09-17,ACTIVE
MOBILE_TRANSACTIONS00000190,REF00027409,527.03,2025-10-15,COMPLETED
MOBILE_TRANSACTIONS00000191,REF00388518,2724.57,2025-07-03,CANCELLED
MOBILE_TRANSACTIONS00000192,REF00816713,7355.88,2025-10-13,ACTIVE
MOBILE_TRANSACTIONS00000193,REF00120718,5679.13,2025-12-25,ACTIVE
MOBILE_TRANSACTIONS00000194,REF00708470,8732.65,2025-07-18,CANCELLED
MOBILE_TRANSACTIONS00000195,REF00396887,1218.1,2025-03-13,PENDING
MOBILE_TRANSACTIONS00000196,REF00697685,2689.08,2025-06-07,PENDING
MOBILE_TRANSACTIONS00000197,REF00796053,5051.39,2025-10-07,PENDING
MOBILE_TRANSACTIONS00000198,REF00200822,2019.19,2025-06-25,CANCELLED
MOBILE_TRANSACTIONS00000199,REF00807349,4177.85,2025-08-08,PENDING
MOBILE_TRANSACTIONS00000200,REF00541417,6511.95,2025-08-17,ACTIVE
MOBILE_TRANSACTIONS00000201,REF00716506,7254.91,2025-11-20,PENDING
MOBILE_TRANSACTIONS00000202,REF00356519,6348.68,2025-07-09,PENDING
MOBILE_TRANSACTIONS00000203,REF00543489,7040.61,2025-11-28,ACTIVE
MOBILE_TRANSACTIONS00000204,REF00986384,3244.58,2025-08-06,COMPLETED
MOBILE_TRANSACTIONS00000205,REF00453184,5667.13,2025-09-26,CANCELLED
MOBILE_TRANSACTIONS00000206,REF00436400,2234.47,2025-07-12,PENDING
MOBILE_TRANSACTIONS00000207,REF00140036,2600.18,2025-03-18,ACTIVE
MOBILE_TRANSACTIONS00000208,REF00334387,6204.18,2025-12-23,PENDING
MOBILE_TRANSACTIONS00000209,REF00522546,1110.05,2025-12-30,CANCELLED
MOBILE_TRANSACTIONS00000210,REF00713392,833.02,2025-12-12,CANCELLED
MOBILE_TRANSACTIONS00000211,REF00819179,8371.88,2025-05-11,ACTIVE
MOBILE_TRANSACTIONS00000212,REF00421143,3750.36,2025-11-25,CANCELLED
MOBILE_TRANSACTIONS00000213,REF00099449,4106.87,2025-04-04,PENDING
MOBILE_TRANSACTIONS00000214,REF00464760,3115.92,2026-01-20,COMPLETED
MOBILE_TRANSACTIONS00000215,REF00555122,218.98,2025-07-06,COMPLETED
MOBILE_TRANSACTIONS00000216,REF00591420,7643.56,2025-04-14,COMPLETED
MOBILE_TRANSACTIONS00000217,REF00767884,5467.7,2025-05-24,COMPLETED
MOBILE_TRANSACTIONS00000218,REF00380569,1265.86,2025-04-11,ACTIVE
MOBILE_TRANSACTIONS00000219,REF00220488,8799.36,2025-07-14,PENDING
MOBILE_TRANSACTIONS00000220,REF00185485,8919.36,2025-05-27,PENDING
MOBILE_TRANSACTIONS00000221,REF00193368,2195.94,2025-08-04,COMPLETED
MOBILE_TRANSACTIONS00000222,REF00870607,5218.77,2025-02-23,CANCELLED
MOBILE_TRANSACTIONS00000223,REF00911714,3816.24,2025-08-02,PENDING
MOBILE_TRANSACTIONS00000224,REF00362125,3456.33,2025-11-20,PENDING
MOBILE_TRANSACTIONS00000225,REF00638591,1405.87,2025-10-29,ACTIVE
MOBILE_TRANSACTIONS00000226,REF00923177,7847.63,2025-07-30,PENDING
MOBILE_TRANSACTIONS00000227,REF00298843,7607.95,2025-03-12,ACTIVE
MOBILE_TRANSACTIONS00000228,REF00245262,2936.35,2025-10-18,CANCELLED
MOBILE_TRANSACTIONS00000229,REF00500878,3419.32,2025-03-09,CANCELLED
MOBILE_TRANSACTIONS00000230,REF00183228,1988.6,2025-05-20,PENDING
MOBILE_TRANSACTIONS00000231,REF00803379,2726.29,2025-04-25,COMPLETED
MOBILE_TRANSACTIONS00000232,REF00048863,9271.27,2025-02-06,PENDING
MOBILE_TRANSACTIONS00000233,REF00023687,2172.79,2026-01-09,COMPLETED
MOBILE_TRANSACTIONS00000234,REF00115376,9485.59,2025-04-24,COMPLETED
MOBILE_TRANSACTIONS00000235,REF00710228,6982.73,2025-08-14,COMPLETED
MOBILE_TRANSACTIONS00000236,REF00945476,2686.95,2025-02-27,COMPLETED
MOBILE_TRANSACTIONS00000237,REF00915827,2774.59,2025-12-24,COMPLETED
MOBILE_TRANSACTIONS00000238,REF00717211,8244.74,2026-01-12,COMPLETED
MOBILE_TRANSACTIONS00000239,REF00192973,8874.81,2025-10-27,COMPLETED
MOBILE_TRANSACTIONS00000240,REF00376291,3952.39,2025-06-06,COMPLETED
MOBILE_TRANSACTIONS00000241,REF00731749,644.46,2025-06-11,COMPLETED
MOBILE_TRANSACTIONS00000242,REF00955622,3294.93,2025-12-04,CANCELLED
MOBILE_TRANSACTIONS00000243,REF00448825,4062.5,2025-02-26,COMPLETED
MOBILE_TRANSACTIONS00000244,REF00006298,5513.64,2025-07-07,CANCELLED
MOBILE_TRANSACTIONS00000245,REF00360203,2870.94,2025-12-09,CANCELLED
MOBILE_TRANSACTIONS00000246,REF00438022,3116.58,2026-01-14,PENDING
MOBILE_TRANSACTIONS00000247,REF00503983,3364.2,2025-02-25,COMPLETED
MOBILE_TRANSACTIONS00000248,REF00516022,371.17,2025-04-06,ACTIVE
MOBILE_TRANSACTIONS00000249,REF00724344,2840.24,2025-07-21,PENDING
MOBILE_TRANSACTIONS00000250,REF00477656,9776.51,2025-06-10,ACTIVE
MOBILE_TRANSACTIONS00000251,REF00762181,2365.05,2025-11-04,ACTIVE
MOBILE_TRANSACTIONS00000252,REF00975845,9616.03,2025-10-25,PENDING
MOBILE_TRANSACTIONS00000253,REF00890485,3359.56,2025-11-04,PENDING
MOBILE_TRANSACTIONS00000254,REF00824362,782.65,2025-03-26,PENDING
MOBILE_TRANSACTIONS00000255,REF00036880,1234.24,2025-12-10,PENDING
MOBILE_TRANSACTIONS00000256,REF00131297,7286.89,2025-06-10,COMPLETED
MOBILE_TRANSACTIONS00000257,REF00711102,1231.57,2025-07-25,COMPLETED
MOBILE_TRANSACTIONS00000258,REF00457673,2487.11,2025-07-24,CANCELLED
MOBILE_TRANSACTIONS00000259,REF00254930,6182.85,2025-02-23,COMPLETED
MOBILE_TRANSACTIONS00000260,REF00718122,8821.54,2025-09-23,COMPLETED
MOBILE_TRANSACTIONS00000261,REF00130745,7759.21,2025-08-25,COMPLETED
MOBILE_TRANSACTIONS00000262,REF00345865,4809.83,2025-03-07,PENDING
MOBILE_TRANSACTIONS00000263,REF00300847,888.09,2025-04-08,CANCELLED
MOBILE_TRANSACTIONS00000264,REF00041685,2305.12,2025-04-03,CANCELLED
MOBILE_TRANSACTIONS00000265,REF00755705,7978.58,2025-03-13,ACTIVE
MOBILE_TRANSACTIONS00000266,REF00284033,4719.56,2025-03-15,CANCELLED
MOBILE_TRANSACTIONS00000267,REF00822059,9467.15,2025-03-19,PENDING
MOBILE_TRANSACTIONS00000268,REF00439093,6162.89,2025-09-14,CANCELLED
MOBILE_TRANSACTIONS00000269,REF00830382,8111.98,2025-06-03,CANCELLED
MOBILE_TRANSACTIONS00000270,REF00833130,2335.38,2025-10-07,CANCELLED
MOBILE_TRANSACTIONS00000271,REF00302798,5424.1,2025-05-07,ACTIVE
MOBILE_TRANSACTIONS00000272,REF00802072,4941.73,2025-08-29,COMPLETED
MOBILE_TRANSACTIONS00000273,REF00278550,7327.82,2026-01-08,ACTIVE
MOBILE_TRANSACTIONS00000274,REF00138255,9595.96,2025-03-01,COMPLETED
MOBILE_TRANSACTIONS00000275,REF00450156,5031.03,2025-07-21,CANCELLED
MOBILE_TRANSACTIONS00000276,REF00387465,9411.42,2025-12-23,COMPLETED
MOBILE_TRANSACTIONS00000277,REF00065202,8667.88,2025-03-25,COMPLETED
MOBILE_TRANSACTIONS00000278,REF00029454,1042.65,2025-03-08,CANCELLED
MOBILE_TRANSACTIONS00000279,REF00767576,9683.07,2025-04-16,CANCELLED
MOBILE_TRANSACTIONS00000280,REF00335283,9129.27,2025-07-20,PENDING
MOBILE_TRANSACTIONS00000281,REF00702316,4813.63,2025-08-16,PENDING
MOBILE_TRANSACTIONS00000282,REF00034668,1625.79,2025-08-10,ACTIVE
MOBILE_TRANSACTIONS00000283,REF00448901,2299.97,2025-07-13,PENDING
MOBILE_TRANSACTIONS00000284,REF00383143,5768.27,2025-09-16,ACTIVE
MOBILE_TRANSACTIONS00000285,REF00418310,3867.43,2025-06-14,CANCELLED
MOBILE_TRANSACTIONS00000286,REF00010405,492.34,2025-07-29,COMPLETED
MOBILE_TRANSACTIONS00000287,REF00267409,445.85,2025-07-19,ACTIVE
MOBILE_TRANSACTIONS00000288,REF00336703,5731.43,2025-02-23,CANCELLED
MOBILE_TRANSACTIONS00000289,REF00394648,2547.23,2025-08-17,CANCELLED
MOBILE_TRANSACTIONS00000290,REF00503869,731.92,2025-12-08,PENDING
MOBILE_TRANSACTIONS00000291,REF00603311,9674.94,2025-10-25,CANCELLED
MOBILE_TRANSACTIONS00000292,REF00162035,8797.7,2025-05-02,PENDING
MOBILE_TRANSACTIONS00000293,REF00797775,7209.54,2025-10-16,PENDING
MOBILE_TRANSACTIONS00000294,REF00372352,83.11,2025-09-19,PENDING
MOBILE_TRANSACTIONS00000295,REF00453093,3407.47,2025-04-12,ACTIVE
MOBILE_TRANSACTIONS00000296,REF00019873,6569.69,2025-07-14,CANCELLED
MOBILE_TRANSACTIONS00000297,REF00667051,1113.67,2025-10-02,ACTIVE
MOBILE_TRANSACTIONS00000298,REF00415456,1601.04,2025-08-07,COMPLETED
MOBILE_TRANSACTIONS00000299,REF00484821,2095.8,2025-08-30,ACTIVE
MOBILE_TRANSACTIONS00000300,REF00434876,6425.8,2025-04-26,ACTIVE
MOBILE_TRANSACTIONS00000301,REF00128942,685.11,2025-02-19,PENDING
MOBILE_TRANSACTIONS00000302,REF00440253,8063.1,2025-08-22,CANCELLED
MOBILE_TRANSACTIONS00000303,REF00638175,4147.22,2025-03-22,CANCELLED
MOBILE_TRANSACTIONS00000304,REF00575779,8578.95,2025-11-28,COMPLETED
MOBILE_TRANSACTIONS00000305,REF00059136,6645.13,2025-11-10,COMPLETED
MOBILE_TRANSACTIONS00000306,REF00025414,1887.28,2025-07-05,CANCELLED
MOBILE_TRANSACTIONS00000307,REF00622220,8300.02,2025-02-02,COMPLETED
MOBILE_TRANSACTIONS00000308,REF00202737,668.5,2025-09-30,COMPLETED
MOBILE_TRANSACTIONS00000309,REF00086322,8311.02,2025-06-02,CANCELLED
MOBILE_TRANSACTIONS00000310,REF00067791,8156.12,2025-07-15,PENDING
MOBILE_TRANSACTIONS00000311,REF00458652,8342.16,2025-04-09,ACTIVE
MOBILE_TRANSACTIONS00000312,REF00841280,6930.76,2025-02-21,PENDING
MOBILE_TRANSACTIONS00000313,REF00125897,767.61,2026-01-06,CANCELLED
MOBILE_TRANSACTIONS00000314,REF00887176,4391.98,2025-04-04,ACTIVE
MOBILE_TRANSACTIONS00000315,REF00354426,7073.88,2025-07-21,COMPLETED
MOBILE_TRANSACTIONS00000316,REF00338847,5223.8,2025-04-17,COMPLETED
MOBILE_TRANSACTIONS00000317,REF00935765,8259.3,2025-02-12,CANCELLED
MOBILE_TRANSACTIONS00000318,REF00199302,6546.17,2025-09-18,PENDING
MOBILE_TRANSACTIONS00000319,REF00992523,6359.37,2025-11-15,PENDING
MOBILE_TRANSACTIONS00000320,REF00857016,3561.96,2025-12-10,PENDING
MOBILE_TRANSACTIONS00000321,REF00138052,2666.02,2025-05-08,ACTIVE
MOBILE_TRANSACTIONS00000322,REF00422446,1607.48,2025-05-13,PENDING
MOBILE_TRANSACTIONS00000323,REF00609849,1630.52,2025-11-11,COMPLETED
MOBILE_TRANSACTIONS00000324,REF00093648,4890.6,2025-08-07,COMPLETED
MOBILE_TRANSACTIONS00000325,REF00734523,9703.85,2026-01-09,CANCELLED
MOBILE_TRANSACTIONS00000326,REF00241270,7861.42,2026-01-05,PENDING
MOBILE_TRANSACTIONS00000327,REF00279404,5626.8,2025-03-16,PENDING
MOBILE_TRANSACTIONS00000328,REF00240847,3215.41,2025-08-27,COMPLETED
MOBILE_TRANSACTIONS00000329,REF00524435,7310.03,2025-05-30,PENDING
MOBILE_TRANSACTIONS00000330,REF00338104,9640.13,2025-03-02,ACTIVE
MOBILE_TRANSACTIONS00000331,REF00329819,5411.72,2025-06-02,CANCELLED
MOBILE_TRANSACTIONS00000332,REF00310360,7652.2,2025-07-25,CANCELLED
MOBILE_TRANSACTIONS00000333,REF00004647,3939.61,2025-10-12,COMPLETED
MOBILE_TRANSACTIONS00000334,REF00099616,7878.9,2026-01-18,CANCELLED
MOBILE_TRANSACTIONS00000335,REF00120607,6116.62,2025-06-19,PENDING
MOBILE_TRANSACTIONS00000336,REF00492820,4778.47,2025-09-15,PENDING
MOBILE_TRANSACTIONS00000337,REF00030972,2935.99,2025-11-08,ACTIVE
MOBILE_TRANSACTIONS00000338,REF00621830,4990.09,2025-10-17,ACTIVE
MOBILE_TRANSACTIONS00000339,REF00417909,9107.45,2025-07-29,COMPLETED
MOBILE_TRANSACTIONS00000340,REF00787808,6546.97,2025-10-22,ACTIVE
MOBILE_TRANSACTIONS00000341,REF00545070,1257.36,2025-11-23,PENDING
MOBILE_TRANSACTIONS00000342,REF00300229,7627.65,2025-08-15,COMPLETED
MOBILE_TRANSACTIONS00000343,REF00605129,2847.85,2026-01-07,CANCELLED
MOBILE_TRANSACTIONS00000344,REF00774562,1144.7,2025-05-06,COMPLETED
MOBILE_TRANSACTIONS00000345,REF00810535,6885.26,2025-11-18,ACTIVE
MOBILE_TRANSACTIONS00000346,REF00811907,3932.24,2025-01-27,COMPLETED
MOBILE_TRANSACTIONS00000347,REF00650006,1924.93,2025-05-20,PENDING
MOBILE_TRANSACTIONS00000348,REF00823636,7165.11,2025-10-30,CANCELLED
MOBILE_TRANSACTIONS00000349,REF00407881,8355.24,2025-02-04,COMPLETED
MOBILE_TRANSACTIONS00000350,REF00089781,3188.24,2025-12-17,CANCELLED
MOBILE_TRANSACTIONS00000351,REF00921052,6596.95,2025-11-24,COMPLETED
MOBILE_TRANSACTIONS00000352,REF00954435,8726.73,2026-01-16,ACTIVE
MOBILE_TRANSACTIONS00000353,REF00724889,5276.11,2025-03-25,COMPLETED
MOBILE_TRANSACTIONS00000354,REF00591182,4377.98,2025-03-09,ACTIVE
MOBILE_TRANSACTIONS00000355,REF00814648,4285.48,2025-10-07,PENDING
MOBILE_TRANSACTIONS00000356,REF00611236,9491.7,2025-06-11,CANCELLED
MOBILE_TRANSACTIONS00000357,REF00517347,6453.39,2025-10-17,COMPLETED
MOBILE_TRANSACTIONS00000358,REF00024818,6175.83,2025-12-01,PENDING
MOBILE_TRANSACTIONS00000359,REF00251952,3833.56,2025-07-09,CANCELLED
MOBILE_TRANSACTIONS00000360,REF00341272,1794.56,2025-09-16,PENDING
MOBILE_TRANSACTIONS00000361,REF00143770,4012.22,2025-11-24,PENDING
MOBILE_TRANSACTIONS00000362,REF00309763,7640.59,2025-06-14,COMPLETED
MOBILE_TRANSACTIONS00000363,REF00136844,6596.18,2025-06-06,CANCELLED
MOBILE_TRANSACTIONS00000364,REF00011664,9939.74,2025-09-14,PENDING
MOBILE_TRANSACTIONS00000365,REF00005502,845.42,2025-04-23,PENDING
MOBILE_TRANSACTIONS00000366,REF00630183,9701.49,2025-06-09,ACTIVE
MOBILE_TRANSACTIONS00000367,REF00575402,9710.04,2025-06-13,CANCELLED
MOBILE_TRANSACTIONS00000368,REF00970962,5518.91,2025-12-31,COMPLETED
MOBILE_TRANSACTIONS00000369,REF00609847,9258.8,2025-01-31,CANCELLED
MOBILE_TRANSACTIONS00000370,REF00479354,7524.92,2025-10-29,COMPLETED
MOBILE_TRANSACTIONS00000371,REF00964237,2764.55,2025-02-18,PENDING
MOBILE_TRANSACTIONS00000372,REF00652605,2396.76,2025-10-29,CANCELLED
MOBILE_TRANSACTIONS00000373,REF00270367,7219.73,2025-05-08,COMPLETED
MOBILE_TRANSACTIONS00000374,REF00494202,9968.32,2025-09-11,ACTIVE
MOBILE_TRANSACTIONS00000375,REF00542157,4959.17,2025-04-14,CANCELLED
MOBILE_TRANSACTIONS00000376,REF00803762,1300.17,2025-11-16,PENDING
MOBILE_TRANSACTIONS00000377,REF00252761,4257.19,2025-07-23,PENDING
MOBILE_TRANSACTIONS00000378,REF00258793,4997.21,2025-08-09,CANCELLED
MOBILE_TRANSACTIONS00000379,REF00954423,4237.86,2025-11-13,PENDING
MOBILE_TRANSACTIONS00000380,REF00565906,6552.43,2025-03-12,COMPLETED
MOBILE_TRANSACTIONS00000381,REF00222526,3137.28,2025-06-10,ACTIVE
MOBILE_TRANSACTIONS00000382,REF00062505,6968.1,2025-04-19,ACTIVE
MOBILE_TRANSACTIONS00000383,REF00033056,4950.71,2025-05-08,PENDING
MOBILE_TRANSACTIONS00000384,REF00138500,1717.01,2025-11-21,ACTIVE
MOBILE_TRANSACTIONS00000385,REF00710314,1449.95,2025-07-18,ACTIVE
MOBILE_TRANSACTIONS00000386,REF00365458,1540.23,2025-07-17,CANCELLED
MOBILE_TRANSACTIONS00000387,REF00845699,7821.6,2025-10-20,CANCELLED
MOBILE_TRANSACTIONS00000388,REF00651994,2117.6,2025-02-04,CANCELLED
MOBILE_TRANSACTIONS00000389,REF00981389,2746.51,2025-09-21,CANCELLED
MOBILE_TRANSACTIONS00000390,REF00063916,2666.6,2025-06-18,PENDING
MOBILE_TRANSACTIONS00000391,REF00662592,449.47,2025-10-28,CANCELLED
MOBILE_TRANSACTIONS00000392,REF00698206,3262.72,2025-09-19,CANCELLED
MOBILE_TRANSACTIONS00000393,REF00234413,3833.5,2025-02-08,COMPLETED
MOBILE_TRANSACTIONS00000394,REF00549253,5878.2,2025-12-21,CANCELLED
MOBILE_TRANSACTIONS00000395,REF00130283,5244.36,2025-02-06,PENDING
MOBILE_TRANSACTIONS00000396,REF00481858,4269.97,2025-09-02,PENDING
MOBILE_TRANSACTIONS00000397,REF00771355,1255.43,2025-03-15,CANCELLED
MOBILE_TRANSACTIONS00000398,REF00614734,6627.32,2026-01-01,CANCELLED
MOBILE_TRANSACTIONS00000399,REF00232099,4559.51,2025-07-16,PENDING
MOBILE_TRANSACTIONS00000400,REF00893795,1523.99,2025-03-08,COMPLETED
MOBILE_TRANSACTIONS00000401,REF00778852,6146.5,2025-07-20,COMPLETED
MOBILE_TRANSACTIONS00000402,REF00922332,623.42,2025-08-25,COMPLETED
MOBILE_TRANSACTIONS00000403,REF00782774,4264.61,2025-11-06,COMPLETED
MOBILE_TRANSACTIONS00000404,REF00525126,7989.83,2025-10-04,COMPLETED
MOBILE_TRANSACTIONS00000405,REF00460995,7341.85,2026-01-01,COMPLETED
MOBILE_TRANSACTIONS00000406,REF00293970,6969.87,2025-03-02,PENDING
MOBILE_TRANSACTIONS00000407,REF00706518,3023.82,2025-08-30,COMPLETED
MOBILE_TRANSACTIONS00000408,REF00678451,1227.62,2025-12-08,PENDING
MOBILE_TRANSACTIONS00000409,REF00850993,1851.2,2026-01-09,PENDING
MOBILE_TRANSACTIONS00000410,REF00588682,9930.24,2025-03-16,ACTIVE
MOBILE_TRANSACTIONS00000411,REF00901923,5789.34,2025-07-02,PENDING
MOBILE_TRANSACTIONS00000412,REF00250340,9700.09,2025-08-29,PENDING
MOBILE_TRANSACTIONS00000413,REF00005257,9974.29,2025-03-11,PENDING
MOBILE_TRANSACTIONS00000414,REF00117866,1159.1,2025-08-27,CANCELLED
MOBILE_TRANSACTIONS00000415,REF00829677,3836.47,2025-10-25,PENDING
MOBILE_TRANSACTIONS00000416,REF00148078,3266.69,2025-05-25,ACTIVE
MOBILE_TRANSACTIONS00000417,REF00325305,1748.12,2025-12-28,ACTIVE
MOBILE_TRANSACTIONS00000418,REF00515729,8707.08,2025-05-22,CANCELLED
MOBILE_TRANSACTIONS00000419,REF00639797,1051.97,2025-08-14,CANCELLED
MOBILE_TRANSACTIONS00000420,REF00902180,5431.21,2025-02-16,ACTIVE
MOBILE_TRANSACTIONS00000421,REF00894928,7553.34,2025-12-02,CANCELLED
MOBILE_TRANSACTIONS00000422,REF00070390,1581.59,2025-10-04,PENDING
MOBILE_TRANSACTIONS00000423,REF00069235,3501.01,2025-12-19,ACTIVE
MOBILE_TRANSACTIONS00000424,REF00001373,6128.52,2025-04-14,COMPLETED
MOBILE_TRANSACTIONS00000425,REF00613687,4136.49,2025-11-11,CANCELLED
MOBILE_TRANSACTIONS00000426,REF00699715,3756.77,2025-06-06,CANCELLED
MOBILE_TRANSACTIONS00000427,REF00994468,6592.74,2025-07-08,PENDING
MOBILE_TRANSACTIONS00000428,REF00462766,6774.62,2025-12-09,CANCELLED
MOBILE_TRANSACTIONS00000429,REF00613168,3146.89,2025-02-28,PENDING
MOBILE_TRANSACTIONS00000430,REF00393755,2531.87,2026-01-13,COMPLETED
MOBILE_TRANSACTIONS00000431,REF00333274,57.68,2025-04-20,PENDING
MOBILE_TRANSACTIONS00000432,REF00455200,2098.18,2025-03-28,PENDING
MOBILE_TRANSACTIONS00000433,REF00440312,2060.08,2025-07-21,COMPLETED
MOBILE_TRANSACTIONS00000434,REF00732063,4950.41,2025-06-25,COMPLETED
MOBILE_TRANSACTIONS00000435,REF00549770,6640.56,2025-06-27,PENDING
MOBILE_TRANSACTIONS00000436,REF00317429,1689.52,2025-02-06,PENDING
MOBILE_TRANSACTIONS00000437,REF00851926,3855.96,2025-03-07,ACTIVE
MOBILE_TRANSACTIONS00000438,REF00917285,7403.17,2025-05-13,CANCELLED
MOBILE_TRANSACTIONS00000439,REF00068223,1952.68,2025-10-09,COMPLETED
MOBILE_TRANSACTIONS00000440,REF00967054,4131.91,2025-06-15,PENDING
MOBILE_TRANSACTIONS00000441,REF00784193,640.73,2025-04-23,CANCELLED
MOBILE_TRANSACTIONS00000442,REF00317177,2139.65,2025-07-18,CANCELLED
MOBILE_TRANSACTIONS00000443,REF00601826,2893.67,2025-11-04,PENDING
MOBILE_TRANSACTIONS00000444,REF00219788,9678.56,2025-06-12,PENDING
MOBILE_TRANSACTIONS00000445,REF00542168,8243.42,2025-07-05,CANCELLED
MOBILE_TRANSACTIONS00000446,REF00878043,4986.92,2025-12-08,COMPLETED
MOBILE_TRANSACTIONS00000447,REF00385249,2714.92,2025-12-06,CANCELLED
MOBILE_TRANSACTIONS00000448,REF00935931,646.01,2025-09-12,ACTIVE
MOBILE_TRANSACTIONS00000449,REF00086818,8246.01,2025-12-14,PENDING
MOBILE_TRANSACTIONS00000450,REF00067123,4732.56,2025-01-25,PENDING
MOBILE_TRANSACTIONS00000451,REF00566133,3299.82,2025-09-27,COMPLETED
MOBILE_TRANSACTIONS00000452,REF00165442,6147.2,2025-04-07,COMPLETED
MOBILE_TRANSACTIONS00000453,REF00362322,9700.87,2025-03-15,COMPLETED
MOBILE_TRANSACTIONS00000454,REF00964915,9443.68,2025-02-18,ACTIVE
MOBILE_TRANSACTIONS00000455,REF00492514,5946.77,2025-08-08,COMPLETED
MOBILE_TRANSACTIONS00000456,REF00564307,1081.94,2026-01-14,CANCELLED
MOBILE_TRANSACTIONS00000457,REF00665606,9768.45,2025-02-21,COMPLETED
MOBILE_TRANSACTIONS00000458,REF00606681,5528.97,2025-10-09,CANCELLED
MOBILE_TRANSACTIONS00000459,REF00942315,5220.63,2025-12-11,ACTIVE
MOBILE_TRANSACTIONS00000460,REF00500391,1972.27,2025-08-22,CANCELLED
MOBILE_TRANSACTIONS00000461,REF00684077,2236.15,2025-06-28,PENDING
MOBILE_TRANSACTIONS00000462,REF00871160,4635.39,2025-05-19,ACTIVE
MOBILE_TRANSACTIONS00000463,REF00601781,3739.53,2025-02-20,ACTIVE
MOBILE_TRANSACTIONS00000464,REF00121239,7976.59,2025-05-25,CANCELLED
MOBILE_TRANSACTIONS00000465,REF00483875,3790.42,2025-03-04,CANCELLED
MOBILE_TRANSACTIONS00000466,REF00670833,3995.0,2025-12-07,ACTIVE
MOBILE_TRANSACTIONS00000467,REF00157390,7027.7,2025-02-19,PENDING
MOBILE_TRANSACTIONS00000468,REF00902291,8939.4,2025-11-25,PENDING
MOBILE_TRANSACTIONS00000469,REF00101219,9241.59,2025-11-15,PENDING
MOBILE_TRANSACTIONS00000470,REF00742774,9792.78,2025-12-04,CANCELLED
MOBILE_TRANSACTIONS00000471,REF00389093,5377.26,2025-02-25,CANCELLED
MOBILE_TRANSACTIONS00000472,REF00495224,7277.26,2025-07-02,COMPLETED
MOBILE_TRANSACTIONS00000473,REF00109382,2683.92,2025-05-06,PENDING
MOBILE_TRANSACTIONS00000474,REF00435880,1917.23,2025-11-26,PENDING
MOBILE_TRANSACTIONS00000475,REF00471746,1611.87,2025-08-11,COMPLETED
MOBILE_TRANSACTIONS00000476,REF00194517,1350.12,2025-07-30,CANCELLED
MOBILE_TRANSACTIONS00000477,REF00767749,2983.2,2025-02-03,CANCELLED
MOBILE_TRANSACTIONS00000478,REF00070288,1822.94,2025-08-02,COMPLETED
MOBILE_TRANSACTIONS00000479,REF00421117,2010.53,2025-05-01,COMPLETED
MOBILE_TRANSACTIONS00000480,REF00489428,5365.44,2025-04-12,COMPLETED
MOBILE_TRANSACTIONS00000481,REF00529164,7670.29,2025-04-08,CANCELLED
MOBILE_TRANSACTIONS00000482,REF00942099,3583.56,2025-11-18,PENDING
MOBILE_TRANSACTIONS00000483,REF00742410,355.06,2025-12-09,CANCELLED
MOBILE_TRANSACTIONS00000484,REF00484031,3550.33,2025-10-03,PENDING
MOBILE_TRANSACTIONS00000485,REF00500134,806.64,2026-01-08,PENDING
MOBILE_TRANSACTIONS00000486,REF00957448,2373.06,2025-08-22,ACTIVE
MOBILE_TRANSACTIONS00000487,REF00421112,2615.86,2025-02-11,COMPLETED
MOBILE_TRANSACTIONS00000488,REF00399679,410.86,2025-08-24,ACTIVE
MOBILE_TRANSACTIONS00000489,REF00814582,3097.46,2025-06-12,PENDING
MOBILE_TRANSACTIONS00000490,REF00279704,1303.6,2025-06-22,ACTIVE
MOBILE_TRANSACTIONS00000491,REF00743948,6237.31,2025-10-24,COMPLETED
MOBILE_TRANSACTIONS00000492,REF00817486,2366.13,2025-07-02,CANCELLED
MOBILE_TRANSACTIONS00000493,REF00968513,2828.04,2025-04-04,ACTIVE
MOBILE_TRANSACTIONS00000494,REF00395551,9712.58,2025-11-19,ACTIVE
MOBILE_TRANSACTIONS00000495,REF00842985,5321.95,2025-03-01,ACTIVE
MOBILE_TRANSACTIONS00000496,REF00504456,3447.18,2025-07-30,CANCELLED
MOBILE_TRANSACTIONS00000497,REF00070064,566.89,2025-08-17,COMPLETED
MOBILE_TRANSACTIONS00000498,REF00314826,9541.58,2026-01-13,CANCELLED
MOBILE_TRANSACTIONS00000499,REF00859358,1984.04,2025-09-21,PENDING
MOBILE_TRANSACTIONS00000500,REF00271666,403.04,2025-09-20,PENDING
MOBILE_TRANSACTIONS00000501,REF00477547,9866.46,2025-09-28,COMPLETED
MOBILE_TRANSACTIONS00000502,REF00824422,6308.68,2025-12-19,PENDING
MOBILE_TRANSACTIONS00000503,REF00028962,2761.21,2025-07-12,PENDING
MOBILE_TRANSACTIONS00000504,REF00300998,3188.75,2025-11-22,PENDING
MOBILE_TRANSACTIONS00000505,REF00280108,9859.61,2025-12-31,COMPLETED
MOBILE_TRANSACTIONS00000506,REF00751872,7069.48,2025-06-15,CANCELLED
MOBILE_TRANSACTIONS00000507,REF00355692,3705.23,2025-06-24,PENDING
MOBILE_TRANSACTIONS00000508,REF00395680,7608.67,2025-12-17,COMPLETED
MOBILE_TRANSACTIONS00000509,REF00332666,4055.07,2025-11-26,PENDING
MOBILE_TRANSACTIONS00000510,REF00505506,9400.92,2025-05-10,ACTIVE
MOBILE_TRANSACTIONS00000511,REF00103773,9555.18,2025-09-08,PENDING
MOBILE_TRANSACTIONS00000512,REF00735756,7113.29,2025-07-10,COMPLETED
MOBILE_TRANSACTIONS00000513,REF00793073,5462.51,2025-08-23,ACTIVE
MOBILE_TRANSACTIONS00000514,REF00364846,5465.94,2025-06-10,CANCELLED
MOBILE_TRANSACTIONS00000515,REF00291676,9685.88,2025-12-17,PENDING
MOBILE_TRANSACTIONS00000516,REF00106105,6856.67,2025-10-02,COMPLETED
MOBILE_TRANSACTIONS00000517,REF00491364,9525.92,2025-03-19,COMPLETED
MOBILE_TRANSACTIONS00000518,REF00029653,2916.25,2025-07-02,PENDING
MOBILE_TRANSACTIONS00000519,REF00586707,7183.24,2025-05-16,COMPLETED
MOBILE_TRANSACTIONS00000520,REF00757007,8024.16,2025-10-09,ACTIVE
MOBILE_TRANSACTIONS00000521,REF00144370,9805.91,2025-10-04,PENDING
MOBILE_TRANSACTIONS00000522,REF00511381,3326.36,2025-08-15,PENDING
MOBILE_TRANSACTIONS00000523,REF00484372,1883.97,2025-11-26,CANCELLED
MOBILE_TRANSACTIONS00000524,REF00929818,1473.23,2025-04-11,PENDING
MOBILE_TRANSACTIONS00000525,REF00613013,5015.48,2025-03-15,COMPLETED
MOBILE_TRANSACTIONS00000526,REF00026954,3798.68,2025-05-14,PENDING
MOBILE_TRANSACTIONS00000527,REF00961487,8967.96,2025-02-09,CANCELLED
MOBILE_TRANSACTIONS00000528,REF00974636,6078.05,2026-01-03,ACTIVE
MOBILE_TRANSACTIONS00000529,REF00264245,7314.52,2025-09-27,CANCELLED
MOBILE_TRANSACTIONS00000530,REF00268541,9061.48,2025-05-17,ACTIVE
MOBILE_TRANSACTIONS00000531,REF00022304,2232.83,2025-01-23,PENDING
MOBILE_TRANSACTIONS00000532,REF00758717,7265.14,2025-05-04,COMPLETED
MOBILE_TRANSACTIONS00000533,REF00523426,1796.63,2026-01-04,CANCELLED
MOBILE_TRANSACTIONS00000534,REF00495115,5064.06,2025-01-26,COMPLETED
MOBILE_TRANSACTIONS00000535,REF00682007,7307.5,2025-11-23,PENDING
MOBILE_TRANSACTIONS00000536,REF00332244,6237.27,2025-05-19,PENDING
MOBILE_TRANSACTIONS00000537,REF00464413,9213.71,2025-06-04,CANCELLED
MOBILE_TRANSACTIONS00000538,REF00857128,1573.77,2026-01-12,COMPLETED
MOBILE_TRANSACTIONS00000539,REF00403831,137.66,2025-08-15,CANCELLED
MOBILE_TRANSACTIONS00000540,REF00229927,1507.88,2025-06-11,ACTIVE
MOBILE_TRANSACTIONS00000541,REF00197533,2552.69,2025-12-09,PENDING
MOBILE_TRANSACTIONS00000542,REF00716833,7014.66,2025-03-08,CANCELLED
MOBILE_TRANSACTIONS00000543,REF00557239,5455.46,2025-02-10,COMPLETED
MOBILE_TRANSACTIONS00000544,REF00884281,2958.28,2025-12-28,CANCELLED
MOBILE_TRANSACTIONS00000545,REF00038938,1543.8,2025-06-04,ACTIVE
MOBILE_TRANSACTIONS00000546,REF00270661,9039.13,2025-02-25,ACTIVE
MOBILE_TRANSACTIONS00000547,REF00580487,9739.87,2025-04-21,CANCELLED
MOBILE_TRANSACTIONS00000548,REF00229310,5889.85,2025-09-17,PENDING
MOBILE_TRANSACTIONS00000549,REF00106720,3042.73,2025-03-12,CANCELLED
MOBILE_TRANSACTIONS00000550,REF00544650,4789.69,2025-07-27,CANCELLED
MOBILE_TRANSACTIONS00000551,REF00422486,5032.5,2025-04-26,CANCELLED
MOBILE_TRANSACTIONS00000552,REF00184040,9330.46,2025-06-10,PENDING
MOBILE_TRANSACTIONS00000553,REF00229567,8059.3,2025-08-09,ACTIVE
MOBILE_TRANSACTIONS00000554,REF00875733,7749.91,2025-08-14,COMPLETED
MOBILE_TRANSACTIONS00000555,REF00535328,9382.15,2025-05-21,PENDING
MOBILE_TRANSACTIONS00000556,REF00320872,621.39,2025-12-29,COMPLETED
MOBILE_TRANSACTIONS00000557,REF00868107,586.36,2025-02-20,PENDING
MOBILE_TRANSACTIONS00000558,REF00033296,4422.88,2025-04-17,ACTIVE
MOBILE_TRANSACTIONS00000559,REF00683640,5131.26,2025-04-22,PENDING
MOBILE_TRANSACTIONS00000560,REF00601394,2710.98,2025-09-20,ACTIVE
MOBILE_TRANSACTIONS00000561,REF00885187,7686.14,2025-08-13,COMPLETED
MOBILE_TRANSACTIONS00000562,REF00723547,9848.83,2025-04-03,PENDING
MOBILE_TRANSACTIONS00000563,REF00168979,8953.99,2025-09-10,PENDING
MOBILE_TRANSACTIONS00000564,REF00677847,6485.46,2025-05-26,PENDING
MOBILE_TRANSACTIONS00000565,REF00406407,5547.36,2025-05-20,ACTIVE
MOBILE_TRANSACTIONS00000566,REF00982659,3419.28,2025-03-19,ACTIVE
MOBILE_TRANSACTIONS00000567,REF00139764,5476.5,2026-01-14,PENDING
MOBILE_TRANSACTIONS00000568,REF00850554,3125.27,2025-10-10,PENDING
MOBILE_TRANSACTIONS00000569,REF00258390,6557.39,2025-07-24,ACTIVE
MOBILE_TRANSACTIONS00000570,REF00786255,4452.28,2025-12-07,ACTIVE
MOBILE_TRANSACTIONS00000571,REF00553912,2019.44,2025-07-11,ACTIVE
MOBILE_TRANSACTIONS00000572,REF00901298,1876.01,2025-10-20,COMPLETED
MOBILE_TRANSACTIONS00000573,REF00545372,8007.0,2025-10-02,COMPLETED
MOBILE_TRANSACTIONS00000574,REF00441865,5017.86,2025-12-21,CANCELLED
MOBILE_TRANSACTIONS00000575,REF00384583,7587.49,2025-03-24,ACTIVE
MOBILE_TRANSACTIONS00000576,REF00301079,7675.36,2025-08-03,ACTIVE
MOBILE_TRANSACTIONS00000577,REF00698069,9348.39,2025-03-03,COMPLETED
MOBILE_TRANSACTIONS00000578,REF00606852,5814.04,2025-09-15,COMPLETED
MOBILE_TRANSACTIONS00000579,REF00410301,6795.98,2025-01-25,PENDING
MOBILE_TRANSACTIONS00000580,REF00070789,6868.37,2025-01-26,CANCELLED
MOBILE_TRANSACTIONS00000581,REF00180425,5281.29,2025-10-20,CANCELLED
MOBILE_TRANSACTIONS00000582,REF00069805,6577.99,2025-11-20,PENDING
MOBILE_TRANSACTIONS00000583,REF00316200,5077.17,2025-12-21,COMPLETED
MOBILE_TRANSACTIONS00000584,REF00290631,454.22,2025-10-27,ACTIVE
MOBILE_TRANSACTIONS00000585,REF00879053,8966.41,2025-10-22,PENDING
MOBILE_TRANSACTIONS00000586,REF00429820,5835.6,2025-06-25,PENDING
MOBILE_TRANSACTIONS00000587,REF00662463,7198.75,2025-09-30,PENDING
MOBILE_TRANSACTIONS00000588,REF00117203,2964.86,2025-04-02,ACTIVE
MOBILE_TRANSACTIONS00000589,REF00934646,1140.04,2025-10-28,PENDING
MOBILE_TRANSACTIONS00000590,REF00434769,4448.0,2025-03-27,PENDING
MOBILE_TRANSACTIONS00000591,REF00668184,7619.24,2025-08-27,COMPLETED
MOBILE_TRANSACTIONS00000592,REF00943608,5956.82,2025-10-02,ACTIVE
MOBILE_TRANSACTIONS00000593,REF00683387,4377.17,2025-03-03,COMPLETED
MOBILE_TRANSACTIONS00000594,REF00046460,689.45,2025-06-13,ACTIVE
MOBILE_TRANSACTIONS00000595,REF00643962,2331.06,2025-04-07,ACTIVE
MOBILE_TRANSACTIONS00000596,REF00923839,243.53,2025-06-20,CANCELLED
MOBILE_TRANSACTIONS00000597,REF00615003,4673.99,2025-10-15,COMPLETED
MOBILE_TRANSACTIONS00000598,REF00848350,5836.5,2025-08-26,CANCELLED
MOBILE_TRANSACTIONS00000599,REF00386065,9242.12,2025-02-19,COMPLETED
MOBILE_TRANSACTIONS00000600,REF00822131,4905.42,2025-11-14,ACTIVE
MOBILE_TRANSACTIONS00000601,REF00261050,7269.55,2026-01-14,COMPLETED
MOBILE_TRANSACTIONS00000602,REF00846670,2964.87,2025-02-07,CANCELLED
MOBILE_TRANSACTIONS00000603,REF00965166,5587.95,2025-11-24,ACTIVE
MOBILE_TRANSACTIONS00000604,REF00551711,8276.19,2025-08-29,PENDING
MOBILE_TRANSACTIONS00000605,REF00515662,74.88,2025-02-10,COMPLETED
MOBILE_TRANSACTIONS00000606,REF00938576,6361.03,2025-11-13,ACTIVE
MOBILE_TRANSACTIONS00000607,REF00988380,8775.19,2026-01-17,COMPLETED
MOBILE_TRANSACTIONS00000608,REF00064307,6879.76,2025-09-13,COMPLETED
MOBILE_TRANSACTIONS00000609,REF00709127,254.67,2025-05-22,ACTIVE
MOBILE_TRANSACTIONS00000610,REF00415614,3569.56,2025-08-27,COMPLETED
MOBILE_TRANSACTIONS00000611,REF00380037,7687.13,2025-12-30,PENDING
MOBILE_TRANSACTIONS00000612,REF00278566,3773.95,2025-07-27,CANCELLED
MOBILE_TRANSACTIONS00000613,REF00946686,8815.93,2025-10-11,ACTIVE
MOBILE_TRANSACTIONS00000614,REF00987874,9624.54,2025-05-17,COMPLETED
MOBILE_TRANSACTIONS00000615,REF00496366,7725.78,2025-02-01,COMPLETED
MOBILE_TRANSACTIONS00000616,REF00610828,3669.38,2025-06-13,COMPLETED
MOBILE_TRANSACTIONS00000617,REF00142215,2642.05,2025-04-09,PENDING
MOBILE_TRANSACTIONS00000618,REF00849822,6372.61,2025-11-18,COMPLETED
MOBILE_TRANSACTIONS00000619,REF00708426,2092.46,2025-06-28,COMPLETED
MOBILE_TRANSACTIONS00000620,REF00372433,2724.65,2026-01-01,PENDING
MOBILE_TRANSACTIONS00000621,REF00469285,2374.27,2025-03-31,COMPLETED
MOBILE_TRANSACTIONS00000622,REF00893576,5294.85,2026-01-06,COMPLETED
MOBILE_TRANSACTIONS00000623,REF00661826,8627.53,2025-03-11,PENDING
MOBILE_TRANSACTIONS00000624,REF00500270,8001.55,2025-05-02,ACTIVE
MOBILE_TRANSACTIONS00000625,REF00469972,5615.9,2025-04-12,PENDING
